Name,Price,Img,ID
Endless Love C-RH1,35,201105051852,1
Endless Love G-RH1,70,201104301535,2
Endless Love F-RH1,60,201105021818,3
Hugs and Kisses E-RP,50,201105021822,4
Endless Love F-RH2,60,201105041830,5
Endless Love G-RH2,70,201104301539,6
Endless Love C-RH2,35,201104291519,7
Endless Love G-RH3,70,201104301533,8
Happy Mother's Day V-3B,15,201105031825,9
Endless Love F-RH3,60,201105021824,10
Endless Love F-RH4,60,201105041832,11
Endless Love F-RH5,60,201105051842,12
Hugs and Kisses E-TC,50,201105031827,13
Endless Love F-RH6,60,201105021819,14
